precinct,% with college degree,"% white, non-Hispanic",Population density
PI-08,0.720269887492295,0.68753381394265,206.966837527435
PI-18,0.713029752399831,0.607702298586166,814.128592311512
PI-25,0.66443342513807,0.649482522553704,152.040791891488
PI-26,0.414842140984891,0.299577593330994,2504.46862597937
PI-02,0.708919145992544,0.740411609966505,114.594915685787
PI-09,0.703650680028633,0.546900713110258,172.993135321584
PI-10,0.658536642673031,0.506337087851886,128.753495363031
PI-01,0.684495192307692,0.625149700598802,170.773111075101
PI-04,0.561135757217175,0.527993564952283,439.159578656517
PI-05,0.601251853618046,0.652070627996672,1207.6437679698
PI-06,0.614232393756011,0.743216441867237,497.94872574118
PI-03,0.578525736403792,0.603755135349878,97.6294988001975
PI-07,0.510806470636008,0.644709352552362,1755.24075875479
PI-11,0.521838415159465,0.530725260512759,658.958733505682
PI-12,0.470558115719406,0.479017400204708,604.056600132924
PI-13,0.360336872396412,0.576336543616959,1183.28337481498
PI-17,0.487582437968789,0.388856105687268,804.728524017959
PI-34,0.818483223537051,0.854542795371129,611.894352199327
PI-41,0.818910256410256,0.855093256814921,611.688680662166
WY-01,0.371257332997525,0.812392338854842,869.17578746314
WY-02,0.450152066781615,0.7726301514235,988.941686761681
PI-33,0.672865013774105,0.666835443037975,165.026901670369
PI-44,0.672865013774105,0.666835443037975,502.887766315402
PI-35,0.646406225026702,0.424329730902885,735.816781245888
PI-42,0.647822765469824,0.476649746192893,501.957839317188
PI-45,0.487204724409449,0.421052631578947,247.543289846646
PI-46,0.430883394230275,0.30129040191028,1509.13948100125
PI-47,0.411170928667564,0.259373621526246,597.744823140921
PI-14,0.306584362139918,0.280417149478563,249.376242385133
PI-15,0.545803620405924,0.396685082872928,432.068468796861
PI-16,0.545803620405924,0.396685082872928,493.974406060457
PI-19,0.474449132676981,0.483233321567243,607.782219700813
PI-20,0.474449132676981,0.483233321567243,670.700533581932
PI-21,0.355499116006251,0.136273907750603,1036.4774842638
PI-22,0.487252250920249,0.222611074245833,623.870116252466
PI-24,0.389194893157005,0.134445199695794,1532.66548579043
PI-23,0.482645115618086,0.195659373650571,1366.9807176821
PI-48,0.122055809608083,0.121519392967254,3142.24076170886
PI-36,0.453775582215949,0.243304413428895,529.55881689442
32-02,0.117733003208401,0.0821802293649547,1767.71613850335
PI-43,0.342923585248362,0.102710349419981,1044.02677951894
32-01,0.158931099777317,0.18257640585143,1236.07567856703
PI-49,0.245269286754003,0.0444177671068427,180.699266523336
32-03,0.203929625586285,0.0668972572457013,1948.5320875601
PI-31,0.50903581566891,0.255134968993039,558.555982466293
WS-52,0.338861845344611,0.511733203527454,512.9912595952
PI-32,0.538939152924309,0.356904016355832,996.879852313663
PI-30,0.298892938776885,0.1243230830959,1691.19650128556
PI-28,0.429815499086218,0.335100564361536,1668.13631658027
PI-29,0.332734889287852,0.126675603217158,919.894058856182
PI-27,0.397708902084026,0.267752324829145,1559.64922718847
PI-50,0.382988924616163,0.0974693522237284,628.301791784676
PI-39,0.218861918906843,0.0809783129846155,1261.25096532735
PI-40,0.467438734828946,0.295131797551683,653.578972557905
PI-51,0.505250154416306,0.251135172895564,695.844652984468
WS-67,0.739351422051974,0.586360006591202,700.725441904589
PI-38,0.36766575035387,0.13183474862524,1291.54397976181
PI-37,0.434022257551669,0.161468812877264,303.713185132286
WS-02,0.561659221796413,0.717439560078082,1458.417933344
WS-11,0.653033401499659,0.758521363418147,639.62817987442
WS-12,0.633365935401733,0.701365348143237,700.960082996226
WS-01,0.348133848133848,0.580088495575221,675.231288905241
WS-03,0.700141888955448,0.673857026697118,259.304260711538
WS-04,0.642269039564092,0.908524392238244,181.834909755653
WS-05,0.471691287411808,0.715576070826097,2342.41940871244
WS-13,0.371559297409446,0.404048833938792,822.451410687035
WS-31,0.492742526844506,0.452645298193289,778.090468554549
WS-24,0.415549597855228,0.577217962760131,1293.14053859644
WS-23,0.415932331821798,0.171399490423031,1137.58161226136
WS-14,0.713209487598948,0.779847772125144,583.326916951285
WS-25,0.744496383206752,0.737087545627391,397.024188011124
21-02,0.809669241934288,0.947844889757999,988.425078373184
WS-26,0.826951747155869,0.898250271045276,338.725527411138
WS-27,0.779765851270584,0.939751131592659,436.030157136414
WS-42,0.637915002281007,0.930211595907904,435.729774466331
WS-18,0.737692509500635,0.927978780998536,248.682382771228
WS-17,0.847826086956522,0.949412827461608,229.523598508905
WS-06,0.576417131983978,0.703522404678791,2112.60276700772
WS-07,0.229558026147925,0.477530955880965,1228.83847388116
WS-08,0.627727031471532,0.841755485853123,308.833640604869
WS-09,0.71817610861739,0.701677720378319,151.323387503413
WS-37,0.624863685932388,0.957244655581948,211.993981663512
WS-19,0.797790041447548,0.877536849957623,302.268918910078
WS-36,0.678697183098592,0.869598180439727,222.985323459574
WS-10,0.66506189821183,0.631930184804928,1252.92716252166
WS-22,0.677281952332631,0.534587215287691,787.551728737567
WS-29,0.750225290420582,0.909066585140915,776.022790871356
WS-20,0.677559912854031,0.839582052858021,280.846060829616
WS-28,0.761928019223281,0.930949733637003,527.933011801664
WS-38,0.686440677966102,0.869822485207101,386.468425018145
WS-21,0.677290836653386,0.734604105571848,221.81225588312
WS-46,0.385355167528948,0.67474866597561,411.44035074601
WS-47,0.397111019283746,0.59494536083538,651.973527591704
WS-48,0.3991370176586,0.581192093960773,918.914376318824
WS-44,0.669805696128463,0.745202167748292,992.423411722972
WS-45,0.670384583017756,0.756533733262696,351.972236862658
21-06,0.816792492713732,0.963168636236189,1169.01938349114
WS-43,0.649343751252724,0.893884680548301,553.588886862643
WS-35,0.467324290998767,0.91683569979716,261.777137660611
21-01,0.745631042760048,0.879836634054149,678.753564313278
21-03,0.733950378941158,0.850020718076238,710.961405204726
WS-15,0.7168706108669,0.872667314553698,483.348487321137
WS-16,0.638239069109054,0.848721280419682,533.852613413855
WS-34,0.84878469263462,0.866376237266912,230.049120215694
WS-33,0.547309833024119,0.704755145493258,575.306511325205
WS-41,0.486292321809019,0.598242157087847,597.411284798004
WS-51,0.436793422404933,0.511836212412028,734.492275388022
WS-40,0.630513302679321,0.548162633005571,799.412857348159
WS-50,0.576637052745454,0.51595770706598,672.729775892972
WS-32,0.74934725848564,0.81505376344086,222.486685252916
WS-30,0.307683706831522,0.134293577484189,1321.52322006936
WS-39,0.210903795792155,0.194358322984777,1191.94439441626
WS-49,0.218714768883878,0.170319348778961,523.384991923415
WS-53,0.298945264314995,0.307245807604732,471.188012729286
WS-64,0.566731371865737,0.251009608332208,487.526937084282
20-09,0.364208719999444,0.23401312732269,697.684774511445
WS-68,0.740878169449598,0.588546255506608,301.981964476512
WS-57,0.531049714526536,0.259597875459738,250.899380717917
WS-54,0.628433009639159,0.463188560480168,332.452113973072
WS-55,0.627184535008771,0.458833524218994,276.761519327784
WS-58,0.48665159693262,0.361421086100355,165.968928058131
WS-59,0.541247484909457,0.843702579666161,136.594052929541
21-04,0.845768387319962,0.969724297912316,1161.90009090548
21-07,0.839326651213128,0.896511006250878,1199.33844508221
21-08,0.819964004812679,0.886656573091844,1492.2798701582
21-05,0.758280611001121,0.866873795243222,917.57609674807
WS-63,0.604959085696615,0.664697272420031,752.442456372596
LA-43,0.686540723946895,0.78921066025507,469.419178649202
21-13,0.581906624062505,0.744333713234676,947.752522816456
WS-61,0.711901493673679,0.75695383577039,919.139400431727
21-09,0.565004215119456,0.843615624953091,1138.51636967435
WS-56,0.653149891383056,0.662630709961475,260.861670501198
WS-62,0.44809037505866,0.540644683326267,1164.42360928996
WS-65,0.592928377153219,0.340534979423868,336.634539222498
WS-66,0.592928377153219,0.340534979423868,8868.6226238578
WS-60,0.39797197157167,0.43785217793466,433.134625491965
31-01,0.285754191256494,0.124306333399,1029.22729528659
21-11,0.702255551817719,0.90357175190553,878.083958922279
21-12,0.59971155853538,0.878632528971247,484.862649189256
22-02,0.667782495734947,0.659084041358003,3356.75047831635
22-05,0.518073803276097,0.577844193030274,1186.55856370068
21-10,0.822066326408343,0.882655695177951,848.558472866307
20-01,0.831007751937985,0.806451612903226,667.788423082804
22-01,0.777195591779785,0.88877419345301,1016.98402094789
20-02,0.85251105208812,0.87598934499747,1508.26162639024
20-04,0.854022988505747,0.772616136919315,448.334842601895
20-03,0.745434407874599,0.850760976233423,983.893258837463
20-06,0.56669214465013,0.645450142984669,3066.87989937703
20-10,0.641871077180064,0.596034919061069,1247.2508410316
20-07,0.768673402891496,0.796403533792633,1699.5106697021
20-12,0.640857438432757,0.626145320192202,1816.12319689827
20-11,0.48539810760749,0.455920296995249,1947.90107152164
22-08,0.508200527164741,0.402463148412652,1432.79833947468
20-08,0.533757338947543,0.626091338728426,1812.10926976564
22-06,0.509408411585476,0.620373529104067,1621.79143780136
22-03,0.741948278746614,0.809238416953357,2499.42579685654
22-04,0.528616916934777,0.622413700613602,1696.48178468235
20-05,0.809731353797263,0.857275339598868,1347.17078623808
22-07,0.270464414915707,0.222685178272319,214.843220655898
31-02,0.142193376167257,0.0433292121729171,546.543682766127
31-03,0.213136507944633,0.100702576112412,1294.15834278389
31-04,0.208689546857139,0.124329066151804,473.483479025152
WS-69,0.456115107913669,0.0936416184971098,161.69237507719
LA-01,0.567733122875132,0.773147626871672,1288.23746474879
LA-02,0.615035043952727,0.836594079679051,1128.21813722893
LA-12,0.551019395073884,0.463685412727206,117.032947284385
LA-03,0.702393340270552,0.682170542635659,185.444328404302
LA-04,0.539874417687766,0.720995665897867,375.935523983852
LA-20,0.432114571031059,0.778705830148927,496.835755755098
LA-30,0.608246174251678,0.718460001974633,1110.01435894922
LA-31,0.522798251093067,0.632792485055508,461.833219900304
LA-21,0.407116443359338,0.610768387932535,890.67170897284
LA-22,0.518419502878018,0.828250440670713,337.695824130597
LA-15,0.682156057031091,0.705637151095401,388.225695089779
LA-24,0.833324146823225,0.919249978875153,667.584093807314
LA-25,0.715909090909091,0.834302325581395,239.761193268021
LA-26,0.590558065189231,0.671804436088659,489.378102733007
LA-33,0.606707173818558,0.803463718649806,265.155700593581
LA-47,0.568175915668274,0.53931058457373,230.812483303431
LA-32,0.493838028169014,0.771589486858573,572.589163202903
LA-23,0.586977817313459,0.74834871349124,737.654774244213
LA-07,0.740396236890423,0.903941098177487,359.595132341853
LA-08,0.750974930362117,0.939967767929089,1074.6179375815
LA-09,0.732518516874286,0.921054116243179,273.46876464513
LA-16,0.623819876714161,0.915362938310118,485.169881204622
LA-06,0.706303657104323,0.933208224611369,627.237437358546
LA-05,0.639591242572076,0.837511738384184,1149.54907821447
LA-13,0.645324347093513,0.864583333333333,472.610517590839
LA-14,0.645324347093513,0.864583333333333,340.077899332356
LA-66,0.207543903412744,0.124331065872146,783.213143239404
LA-67,0.334861635935531,0.375748849638069,1653.21317263828
27-12,0.128228976016843,0.211280294814881,2451.33258784
27-14,0.184219009932237,0.195680348413105,2449.71663207765
LA-55,0.385267427491139,0.407307191668782,776.956061849003
LA-56,0.352030456852792,0.405803777061262,593.307872096881
LA-10,0.89988681715247,0.799273776302261,1229.50644259637
LA-11,0.868607265522423,0.856598789463686,1042.11684612872
LA-17,0.614452214452214,0.949152542372881,607.23759032655
LA-27,0.613083846242836,0.778596117572047,1225.39783078116
LA-34,0.616455265414051,0.615449146524809,384.406097355781
LA-40,0.681129630846219,0.649883810376845,1194.62878828828
LA-48,0.553077771860603,0.534360589667285,651.225326891203
LA-18,0.598428633784374,0.687316421895861,546.42467083127
LA-19,0.598428633784374,0.687316421895861,944.230008160259
LA-29,0.559642147117296,0.860482654600302,243.856927824027
LA-28,0.66356194388311,0.677758499449676,848.715320719713
LA-49,0.370182950564422,0.463938618925831,308.571954895354
LA-41,0.370182950564422,0.463938618925831,3028.73918616794
LA-42,0.334476834221309,0.505746014380125,554.57149323559
LA-36,0.506003430531733,0.81921568627451,522.800905997359
LA-35,0.666101050046661,0.729669725782016,458.199450616275
LA-38,0.610207100591716,0.59271523178808,264.696512320373
LA-39,0.610207100591716,0.59271523178808,603.195562030287
LA-45,0.359343138148779,0.472434627873191,872.184720436304
LA-37,0.724511747254327,0.834806478419222,556.558986773826
27-02,0.273213017590337,0.228434240124389,839.118643767516
LA-52,0.307991519326898,0.181769540395344,1164.08006384763
27-01,0.380302311982875,0.2833280606285,570.097911010161
LA-51,0.420488111101575,0.311798281649467,345.287871065626
LA-59,0.256485269029809,0.574165309285379,1756.77418891046
LA-53,0.265134674420299,0.590837366147168,866.11809453911
LA-60,0.15646379889548,0.438746947269704,1640.07433644532
LA-58,0.168176631671952,0.577338967949667,877.576692408655
LA-61,0.0966939043862121,0.445023579442962,1075.19337241154
LA-54,0,0.466794995187681,421.866857528915
LA-62,0.139102564102564,0.897326203208556,438.059548718929
LA-46,0.445789517521632,0.452798821356197,301.410839896046
27-11,0.17606211600617,0.257409094783688,2524.71922641595
27-10,0.213120484232219,0.197740486030561,1810.33152804092
LA-65,0.204720818127856,0.174636481161476,1408.24369136823
LA-63,0.0814582332230265,0.232495982439428,455.33436493245
27-09,0.163803657100222,0.169084279989817,1432.86437665866
27-08,0.146627275287409,0.328050313292837,702.285038275101
LA-64,0.133584905660377,0.234835355285962,1140.1543145464
27-05,0.315116279069767,0.0862908837856646,527.836957889498
27-07,0.191190192228041,0.150889614786792,791.396306198791
27-13,0.155653441693578,0.0485039253423193,541.297414653833
27-03,0.111763178654091,0.034892942109437,2143.82194647623
27-04,0.136983793633391,0.0630850944847562,1599.95194592443
LA-57,0.185355544882681,0.0898992013878503,531.701717417414
27-06,0.080155383972918,0.0778165024159359,697.842523157375
WY-29,0.336098942511888,0.781297165299663,547.337746096586
WY-30,0.457167414874182,0.84755034071631,374.737162883157
WY-38,0.350868746188168,0.840834799380468,408.821420554568
WY-39,0.304499151038933,0.661562196333888,501.936253250482
WY-31,0.320890635232482,0.202953426732298,1431.75410922819
WY-32,0.336331915088135,0.541280268572666,1877.58403050662
29-01,0.18000055744621,0.123964172239808,1147.01703743844
29-08,0.21991341991342,0.202004219409283,1182.52301682382
WY-08,0.21991341991342,0.202004219409283,1092.51125412638
WY-07,0.332909783989835,0.31980115990058,283.940211515011
WY-03,0.19708994757265,0.303350676123742,1304.5539970743
WY-04,0.161374133864623,0.105236919728489,1534.23399338161
WY-16,0.311368223480679,0.766681126452454,652.464049666014
WY-17,0.485924112607099,0.459556191839656,172.226590123017
WY-13,0.438693181899012,0.621044866085486,505.470267281758
WY-06,0.422260893254407,0.366817878398761,836.235984986715
WY-14,0.304425726441651,0.498727729426259,882.543374790861
WY-05,0.229027962716378,0.457261029411765,978.261276116696
WY-22,0.233256570145527,0.714883531602953,776.08790369267
WY-11,0.350589441312148,0.808646616541353,445.202459809612
WY-12,0.351058643090441,0.676180253173027,1002.68315576061
WY-09,0.396649637545307,0.774699585798474,870.824059973097
29-09,0.345454545454545,0.405714285714286,307.81411503655
29-02,0.173885350318471,0.348108108108108,680.249874817621
WY-15,0.359735100124475,0.593925507938784,991.807373943839
WY-21,0.347677069243579,0.772858334394689,979.750049949367
29-04,0.121879264168882,0.13378957822873,485.737641599406
29-03,0.0928961617295167,0.0943843278999536,2014.53419564935
29-10,0.130990695734845,0.114191074573085,1298.79993816615
29-11,0.104112892683657,0.297472324350165,491.02313243509
WY-10,0.302852894011886,0.695103095365854,258.562047814082
29-05,0.084922331627503,0.333261011044816,643.972247417004
29-07,0.313315291467221,0.347310731905241,487.98166894737
29-06,0.280725898078967,0.113767845985895,2254.55403137596
29-16,0.125620147842254,0.127850227403294,624.290571991581
29-15,0.234810329448357,0.248618190857623,593.920328794656
29-18,0.102029177210337,0.145878799016712,698.093903173096
29-12,0.183087027914614,0.26865671641791,2700.4854616876
29-13,0.183087027914614,0.26865671641791,1027.14160201111
29-17,0.0946176313074112,0.345079146027913,688.85302094794
29-14,0.0958230958230958,0.268790849673203,219.863427343792
WY-18,0.366352677931561,0.580417544572608,1238.41412378141
WY-23,0.331558298293611,0.641612328530759,877.330853406015
WY-24,0.274094096472189,0.777988720181735,1181.07330947937
WY-25,0.0806335493160547,0.254756380510441,574.705554144961
WY-26,0.0806335493160547,0.254756380510441,14438.1742264096
WY-27,0.297046938283821,0.699650359552408,820.310301103466
WY-20,0.491499209721019,0.747011389717956,1053.33067322822
WY-28,0.462930958614752,0.832721979742032,438.357690192235
WY-19,0.447723153713663,0.491866503459025,1272.86025020871
19-01,0.127353708079627,0.485033519529663,632.108607494128
19-02,0.150064799158508,0.12864046569392,885.897203347241
19-03,0.16657464611289,0.0501559098501313,1075.09020772019
19-06,0.220592211295198,0.0637751856646516,984.377086548
24-01,0.159213544508909,0.479243239617636,857.785208663651
19-05,0.0773993808049536,0.118348623853211,701.59871039355
19-04,0.0732312378537619,0.481396531355744,952.898180622758
WY-36,0.149038641102793,0.677455129701063,179.532023301864
WY-37,0.0799112097669257,0.361867704280156,1213.37805556321
WY-33,0.341213391685443,0.747245212636331,546.706390986072
WY-40,0.292565024013714,0.668029406776624,691.188183964027
WY-34,0.244078578815892,0.248426826187679,4242.06078148197
WY-42,0.414587332053743,0.590448625180897,178.964899931615
WY-41,0.317913385826772,0.247236180904523,1051.78471456047
WY-35,0.315674891146589,0.241762604208019,522.342804510341
WY-51,0.41920708406041,0.445430105876546,1872.92934532517
WY-56,0.275139854553154,0.566872061737694,294.575650801143
WY-57,0.132643518398142,0.791711921446615,279.821734521267
WY-55,0.421928817451206,0.443135811556864,1526.32873889853
WY-43,0.421928817451206,0.443135811556864,334.860112739801
WY-44,0.260268714011516,0.531566640685893,2023.32173679447
WY-45,0.233695946394144,0.490598761189237,1160.28709718776
WY-49,0.260268714011516,0.531566640685893,899.689875546869
WY-52,0.207114476023689,0.457257161480752,741.101239141982
WY-53,0.109151047409041,0.809559939301973,344.617094568392
WY-46,0.153770764504954,0.569100401779155,1511.28791214286
WY-50,0.160122238340954,0.549323596351967,1788.4468416631
WY-60,0.152824258153756,0.812599087847218,1016.95706268623
WY-58,0.0768796870158404,0.75128809967684,512.101813277025
DE-03,0.152585826328496,0.610080982538259,962.742718327908
WY-59,0.094105774195867,0.946576473437208,107.659408126095
WY-47,0.168604549623283,0.63518948883097,716.030439264088
WY-48,0.12736843769192,0.746485838341508,381.397642035318
WY-54,0.181559945807462,0.746250739984638,561.454824290357
24-04,0.0304286251241711,0.517066270985178,266.489794652379
24-05,0.114374377754994,0.546200020213631,357.47683343344
06-03,0.185303659200457,0.100515878830423,422.687860301951
06-05,0.104775045729762,0.0243451661772901,622.59910523745
06-01,0.156890655701133,0.13692017079135,388.466026351645
05-02,0.16633717452049,0.160929129641765,2920.93127861817
04-01,0.3272881028361,0.276037674285557,908.513390665058
05-01,0.136069926577618,0.122700767583432,607.579212410735
04-02,0.466428878899187,0.274061709024924,869.050989419604
04-03,0.471530335358852,0.385834099727908,1112.39146514188
01-01,0.0787069107665587,0.0131147540983607,677.041155123011
01-02,0.146170199076413,0.0377890902850117,766.710129716847
23-02,0.103794066992508,0.00495017679202829,1390.10387118454
04-04,0.327411277239666,0.258906451457531,675.870481793364
23-01,0.0720268006700168,0.0274509803921569,468.079071268413
01-07,0.128670410407583,0.0731226860740084,821.915211526875
01-04,0.150144493058932,0.0949043939595395,649.564896899727
01-05,0.106573411767791,0.0276341357094749,619.592140178982
01-03,0.0994679035795848,0.097677383402605,994.667769886327
01-06,0.148299742908285,0.0822232126637345,350.788327286683
01-08,0.0853088202757965,0.10212592159572,586.77434722347
23-04,0.0748146017609054,0.0152196261407226,829.601451269591
03-01,0.371919442664724,0.333543460269696,1063.12762340905
23-03,0.231536866709221,0.152960132938058,792.579980617709
04-05,0.346435120140704,0.401339409176619,952.678410660098
05-03,0.1928949925835,0.17676163392485,805.489706925689
05-06,0.114592279261378,0.0782069696533334,860.564637672581
06-04,0.0941356971068999,0.031632247623745,1194.01531360242
06-06,0.218925985964501,0.252045303135649,273.302655472001
05-04,0.106584230900664,0.0772071489372333,1203.84565213802
05-05,0.287234042553192,0.132743362831858,162.952341500524
07-02,0.554508235438553,0.57854855902936,991.620013716253
03-02,0.609091999006019,0.59712646493988,1682.10287451138
03-04,0.460201048451876,0.30376128093625,1588.98963525315
23-08,0.255724996334418,0.157629020076817,622.828370124257
23-06,0.156699998107866,0.0268706816764184,792.59171003388
23-05,0.23254150455669,0.0426339100371279,1052.03327164937
23-07,0.217213668575268,0.0690861912825286,715.642530413824
01-09,0.110341767460183,0.0809986830482575,1128.68703972772
01-10,0.164426332568455,0.110960739635675,753.130982343241
09-02,0.13600729653412,0.55064056773501,904.414239680971
09-01,0.159044710057562,0.64947941506086,363.943293630484
09-03,0.203802994738854,0.616385573066161,759.916783650353
09-07,0.380562972897648,0.76384050897428,1476.76559591471
09-04,0.382544142574213,0.824135897649117,1291.50440364281
02-04,0.174996769485693,0.41939669956629,843.206700712185
02-03,0.119306004013077,0.343496076645258,521.003446615899
02-02,0.223495878105485,0.604903864682488,812.900726809474
02-01,0.284315356367213,0.584603315080241,699.080954919294
23-09,0.202070609679754,0.214293179488949,459.323888577093
07-03,0.496049711975287,0.672763474277459,354.800516089885
08-01,0.627206606770295,0.706716617238363,1612.37759805809
08-02,0.702495536153699,0.712073093139955,1635.35360736905
12-03,0.684159729835209,0.623780589856358,706.314650075423
07-01,0.32644119758065,0.258204780170045,472.534049719067
12-01,0.158235663844419,0.490633953293072,655.082176314346
12-02,0.216791386391804,0.482584560589216,445.284564185068
11-01,0.77447788133703,0.767526576796961,2207.10633411209
11-04,0.712244688590374,0.706799399788145,4226.81221711358
08-03,0.649578651685393,0.705529646902065,694.671507968115
11-03,0.654970205122517,0.626199125161836,5816.47956866355
11-05,0.553209689991643,0.632339468809942,2151.09618836235
10-01,0.459434145087953,0.751755351849743,835.70386494564
10-02,0.435484925699269,0.747079244725424,1207.63164209324
10-03,0.246645998981278,0.418777192851152,1266.65096045903
10-05,0.154185022026432,0.356763925729443,779.690828136672
10-04,0.173200136918666,0.442719957431941,748.928441922329
09-06,0.124298207687939,0.435073426301976,883.390829378323
09-05,0.121157323688969,0.385115180153574,1882.70722854092
25-01,0.135045496215643,0.570347887225886,1211.6095316436
25-02,0.14194447370918,0.620113899754768,916.631600103969
25-03,0.189494425020971,0.610631033812815,1101.95427430577
25-05,0.11793025896193,0.747530373146949,1121.12023129307
25-04,0.120242817312409,0.780581620911599,485.681081976432
16-03,0.0639269406392694,0.547974413646056,223.158402728303
16-01,0.174757499163102,0.741147596223922,779.049422364379
16-02,0.0741113909422279,0.687654856136665,557.838757156067
15-02,0.504680234627055,0.768585970322389,1131.71901352274
16-04,0.269027555122423,0.853278552486452,1064.6366424592
16-05,0.315356562942766,0.802990669822926,1212.88950631064
15-01,0.627791423847058,0.65697251978999,537.19496462036
14-01,0.217432749504525,0.772984288212061,732.291294756111
14-02,0.188410494420696,0.732832375114712,141.353833977494
13-01,0.148136593857836,0.670080679861315,381.558263192473
13-02,0.0933193297376902,0.882751251570514,735.423794086747
13-03,0.165812485138491,0.80805940294799,817.96225726959
17-02,0.0512530322930527,0.654750983553411,744.889344729782
17-01,0.108751354480461,0.566106706035919,496.933516821441
17-03,0.083238990216397,0.262621955275054,623.728075171172
17-04,0.105514762322722,0.774578747031142,471.945010446213
17-05,0.111674852637718,0.877356280410885,278.723448107304
30-07,0.170234000772814,0.613982827467646,402.625717580343
CO-02,0.260950037604449,0.926626863429837,706.688807084365
CO-01,0.230746294755644,0.867880693324044,466.494368579756
30-04,0.0758576642310578,0.597851468782791,1145.98463258917
30-06,0.100062074824702,0.720522557035828,978.154724713184
30-05,0.141675284384695,0.721603563474388,689.763823855883
30-01,0.277343215217645,0.876932953726689,594.198404651549
30-03,0.343648901507418,0.769696001138922,773.29778542328
13-05,0.247275733213324,0.700980088233572,535.301021491468
30-02,0.443850267379679,0.934725848563969,640.76958568093
13-04,0.152337858220211,0.667667667667668,90.4491854496844
28-03,0.0767821370114119,0.217779188772008,389.287150250397
28-04,0.149889465362125,0.313988771353336,1107.40446099636
28-02,0.070198008744225,0.117469667386923,1278.85955404142
28-01,0.239048811013767,0.0613445378151261,256.127522547382
WR-01,0.14018535821001,0.448050163731488,303.583754495699
28-12,0.160817015259968,0.185817891668919,632.934668941619
WR-02,0.142552543244474,0.503086288740014,370.937066482458
28-14,0.315350416004256,0.274206633954213,880.057806094411
28-17,0.154229291348806,0.455490287049514,622.384404798974
28-13,0.231717033684723,0.268197114769165,777.261874269836
WR-03,0.170700636942675,0.504963314630988,380.540234578437
28-05,0.0809806782662322,0.244816261147,585.711264230217
WR-05,0.206037288148741,0.210554876777877,1273.62775870611
WR-04,0.255925455082224,0.227060999608588,1981.31639482221
WR-10,0.351968156132034,0.348653313601734,1541.40613823306
WR-09,0.232715008431703,0.229268292682927,421.787576194416
28-15,0.200732701536796,0.233415450791852,487.422713159637
28-16,0.192454364122257,0.128866612725597,621.839778653902
WR-06,0.234815282157828,0.280787692062949,1703.90294851168
WR-07,0.195590729156871,0.26966962479257,860.51353916487
WR-08,0.196100749517968,0.271897912396617,604.744000519079
WR-11,0.280448530771873,0.298102645956247,1101.51203108191
WR-12,0.366322701688555,0.363023732786405,539.355222219082
WR-20,0.216076514431967,0.459968418186335,478.579729048523
WR-21,0.240417985273576,0.364023086623435,818.148766422034
WR-17,0.36757123004018,0.340833755831573,758.398134404729
WR-25,0.0888733379986004,0.683123877917415,548.404257043129
WR-15,0.0983965014577259,0.554282596835788,166.827427120749
WR-16,0.264910536779324,0.400114810562572,793.834382091586
WR-24,0.245353023815058,0.835241137208736,272.486142068091
WR-27,0.383409544715555,0.650761901099646,355.983668697309
WR-13,0.214924136909351,0.497244893012032,1053.38934444301
WR-14,0.329135180520571,0.720822281167109,352.308049228162
WR-19,0.315106580166821,0.619278779472954,292.059677007985
WR-26,0.0803848266278966,0.809884899106403,121.088890928368
WR-23,0.251607187182485,0.760289182799839,821.099635704984
WR-22,0.328991533930676,0.764769540923605,312.386969721437
WR-18,0.234322810271269,0.671127047690976,1014.38797340293
28-08,0.190939858678113,0.596548699515723,547.31181686933
28-10,0.113123016825033,0.575313335909667,1087.09362950901
18-03,0.5898226337466,0.777446350836873,601.447616452748
28-09,0.253538548479427,0.613295544171836,1103.97536501897
28-11,0.450425562732217,0.916816174866723,958.051327872641
28-07,0.17298937784522,0.716954022988506,334.997288871501
28-06,0.328310092541248,0.729460607895148,338.231772662656
18-01,0.597811730315169,0.941857711089175,906.588122704387
18-02,0.600699083755072,0.923851467112943,1088.90570404462
18-04,0.469650835725864,0.725910160330874,1857.63406222624
18-06,0.296959124903118,0.920024182793169,428.109599722578
18-07,0.237028528537103,0.72255965282517,1301.62437820009
18-05,0.313284864507601,0.762531860662702,979.192260289028
WR-31,0.253271874079445,0.603380656496098,191.944753493913
WR-32,0.274067011614713,0.575088870420767,371.481598867261
WR-33,0.360737134319387,0.659125375836026,454.912516958053
WR-34,0.325366809357874,0.670987396725793,236.420213469245
WR-35,0.408119601053891,0.611493700432369,199.752583335169
WR-30,0.0616436533908,0.933245916289559,220.578866331118
WR-28,0.412638322655795,0.607380635343352,771.828437975433
WR-29,0.412638322655795,0.607380635343352,417.543936796187
WR-36,0.415384615384615,0.69589774078478,91.1503688167093
DE-02,0.155045152058786,0.932914388930609,148.222524809452
DE-04,0.230341413577903,0.923423237403565,540.740399256876
DE-05,0.229377597159304,0.94013784480478,634.487462785745
DE-06,0.151677906531735,0.819889140851912,790.323684931757
DE-10,0.257703210027509,0.884310175343796,318.895244624854
DE-14,0.356274469400371,0.824648254299114,2659.44410560291
DE-15,0.356274469400371,0.824648254299114,949.886767457695
DE-07,0.317269197100849,0.820435310512608,265.633687049109
DE-11,0.35575780577852,0.824810404675296,325.81103579891
DE-16,0.30543212755266,0.843042824169934,72.1836606025633
DE-12,0.340566554193971,0.907405722591074,762.560684307878
DE-09,0.234890940702819,0.858034366500391,1375.91511679621
DE-13,0.25632183908046,0.868165955796821,717.503462305901
DE-08,0.26291407795528,0.836361568347715,464.123952695603
PE-26,0.417291217799008,0.777546527614863,1849.00621737247
PE-27,0.429374758066126,0.779108429025113,2888.19440867272
PE-45,0.476344412494865,0.888589114552179,621.655262930374
PE-46,0.508474576271186,0.974015088013411,515.802625562921
PE-51,0.508474576271186,0.974015088013411,735.205840442286
PE-25,0.372433264887064,0.771748251748252,2675.59231419067
PE-35,0.372433264887064,0.771748251748252,1688.65489991525
PE-01,0.372433264887064,0.771748251748252,177.408599688826
PE-34,0.372433264887064,0.771748251748252,375.510012632758
PE-02,0.156910069006465,0.806716474558804,235.826807332264
PE-03,0.210977076443437,0.75440399276274,692.543515573055
26-02,0.137877465086456,0.808668522366411,811.94489769264
PE-05,0.201704457506462,0.653961694145331,475.759749554939
PE-04,0.148560583409665,0.805812293057945,434.14228948858
26-01,0.112886991899519,0.793957826239205,813.446372443293
PE-15,0.287074469427411,0.874051816157942,1979.60563187508
PE-14,0.280523481548623,0.755936861529691,1892.24576215953
PE-16,0.136986301369863,0.89748045178106,328.109505317778
PE-20,0.300682777290173,0.898489829505667,740.667314356019
PE-21,0.171938847717565,0.999466271612956,358.520015030985
PE-07,0.187790524335638,0.910104220392392,888.791681591188
PE-12,0.225690844137385,0.955475432703977,611.083954486189
PE-06,0.239022998324485,0.92201362733498,639.09895621796
PE-11,0.389093524296341,0.908498403079364,393.14562544769
PE-10,0.148018491803544,0.676616618767715,1185.36448698239
PE-19,0.318505050835372,0.943249132064273,529.531124091589
PE-13,0.208673423367762,0.90897670476656,469.93491967435
PE-09,0.215783597311491,0.741711305593113,1024.7799513934
26-03,0.238841551750266,0.798780431489339,868.291304607609
PE-08,0.296423020122804,0.637243432165175,233.931472970691
PE-17,0.206545492254754,0.515072363074297,369.147567783201
PE-18,0.173601051806361,0.484331527143094,708.564235951055
PE-23,0.362359994270703,0.679346864749543,534.035912188051
PE-24,0.190977265622317,0.954559723217023,270.444914828839
PE-32,0.434747060016127,0.927972582212921,710.496194517433
PE-41,0.403486978179829,0.781397127123131,755.151546791556
PE-42,0.445895950584717,0.801801929569327,1733.22519199045
PE-33,0.565543608418053,0.924260121006963,591.95012293791
PE-43,0.548275862068966,0.875830013280213,441.726009980761
PE-44,0.228710963930913,0.408482398894619,672.346363398444
PE-39,0.233286862044412,0.658172974495713,963.065324905449
PE-40,0.279574192145112,0.620819066104512,692.59252592358
PE-30,0.401121497912246,0.877984422866136,402.935038779134
PE-31,0.315128855691017,0.870336155252465,272.180150021459
PE-29,0.496344963159706,0.850077155955972,575.161757843812
PE-28,0.629845990440786,0.865602129075183,1073.12964392348
PE-22,0.629845990440786,0.865602129075183,341.348155069102
PE-37,0.297958428541198,0.91646205903013,646.705667998872
PE-38,0.404126213592233,0.791535344439442,341.754736728729
PE-48,0.41696105347145,0.81984535011296,1124.9967982502
PE-36,0.387959866220736,0.71584440227704,401.752376866918
PE-53,0.42244121803043,0.815512315941088,889.289111166227
PE-54,0.421517281007408,0.780893964389517,783.243889366911
PE-47,0.522673359438169,0.860122718319903,498.581516007533
PE-52,0.522700663259048,0.860147035482943,610.395408936926
PE-55,0.309065797070779,0.635155015504984,413.719290086616
PE-49,0.176510545971739,0.543514433780713,2300.4520838566
PE-56,0.134012131436339,0.927778951853222,757.126299373203
PE-57,0.216127519924988,0.566725455614345,1622.92376259339
PE-50,0.230078869434301,0.589491494807133,1550.15129609308
PE-58,0.216127519924988,0.566725455614345,309.769504980129
FR-02,0.306113859636749,0.68262606464551,640.843095570824
FR-03,0.354581166864963,0.768852716277335,339.115409127018
FR-08,0.549834285875334,0.950982890349641,376.091768421001
FR-01,0.266344028875214,0.629809398961571,432.138125602984
FR-06,0.421230574937708,0.848593662017388,612.614995853868
FR-07,0.430909090909091,0.818298969072165,344.508973327429
FR-05,0.398381294964029,0.920114122681883,253.247926146027
FR-14,0.386226962926576,0.883132082433219,321.615614129192
FR-04,0.38335756724432,0.846670306256145,60.0696719961416
FR-15,0.31412411356705,0.947527741045909,101.259901416823
FR-29,0.387290318426119,0.919272501632861,78.9655241768528
FR-11,0.543257989088075,0.688129070455891,1562.06127617039
FR-12,0.543257989088075,0.688129070455891,1088.60102014808
FR-17,0.548849026729209,0.799890686990912,908.29036244239
FR-18,0.487861459612376,0.76917433786393,1171.66013065724
FR-21,0.433664998831574,0.828954999230763,758.610482795701
FR-22,0.41386455295775,0.956043982660304,1384.85790552494
FR-23,0.480388289620125,0.943695174326554,2061.00438857585
FR-26,0.422940480882933,0.957774968394437,643.727077852567
FR-27,0.422940480882933,0.957774968394437,796.932380492275
FR-13,0.526556776556777,0.859422750424448,453.695757640177
FR-19,0.549145588997221,0.88861213063322,521.510171613703
FR-28,0.587619047619048,0.938327732753508,349.838180045685
FR-24,0.587619047619048,0.938327732753508,871.940664211234
FR-09,0.197067427218948,0.742051885805703,955.836195104991
FR-10,0.312989045383412,0.913539967373573,675.803118798472
FR-16,0.497530243421752,0.935505753428772,484.54951441529
FR-25,0.453057708871662,0.807091346153846,157.070035229835
FR-20,0.557021794549254,0.614085864435688,463.910344387686
06-02,0.182461418196508,0.162448953426745,758.394781618976
LA-44,0.365185185185185,0.283126110124334,552.431541896199
LA-50,0.365185185185185,0.283126110124334,672.895489691787
24-03,0.232333939564309,0.312838336851853,1260.56686002006
24-02,0.187042842215256,0.520152091254753,1341.52271471147
DE-01,0.0721564868143262,0.710593887616082,65.175744840126
03-03,0.598782418372424,0.459006033394958,1361.88747481836
03-05,0.629732704991347,0.505712432922875,1682.72474001731
11-02,0.811789622624586,0.638797544775714,2583.70814859487
